firstname,lastname,email,is_customer,last_purchase_date,unique_id
LexcpYvXiZz,KfoNqNVVEEK,LexcpYvXiZzKfoNqNVVEEK@yahoo.com,1,12-05-2020,"create a hash combining firstname, lastname, email"
eCERDYYUClU,TTgSLTpEeHt,eCERDYYUClUTTgSLTpEeHt@outlook.com,1,12-31-2020,"create a hash combining firstname, lastname, email"
NobHcZgyogt,RTCMmzCwyKr,NobHcZgyogtRTCMmzCwyKr@gmail.com,1,12-30-2020,"create a hash combining firstname, lastname, email"
elBQrZAHQCs,nJpZPHYsgLQ,elBQrZAHQCsnJpZPHYsgLQ@outlook.com,0,12-27-2020,"create a hash combining firstname, lastname, email"
lZruyFtQlyE,IYgTJIRLTmw,lZruyFtQlyEIYgTJIRLTmw@outlook.com,0,12-03-2020,"create a hash combining firstname, lastname, email"
DXfkfHtknEP,ivdMMpSAFGm,DXfkfHtknEPivdMMpSAFGm@gmail.com,0,12-20-2020,"create a hash combining firstname, lastname, email"
bTXFJhLuJSt,StWzQgSyZSV,bTXFJhLuJStStWzQgSyZSV@outlook.com,0,12-27-2020,"create a hash combining firstname, lastname, email"
owbTkoupHMY,VotyyjWdhSX,owbTkoupHMYVotyyjWdhSX@gmail.com,0,12-03-2020,"create a hash combining firstname, lastname, email"
XPoloyisGrs,yEohdzIGlTi,XPoloyisGrsyEohdzIGlTi@yahoo.com,1,12-28-2020,"create a hash combining firstname, lastname, email"
YBcNvNbLWPJ,GjYlCvVGgUs,YBcNvNbLWPJGjYlCvVGgUs@yahoo.com,1,12-03-2020,"create a hash combining firstname, lastname, email"
gTvIUXlsNBM,zBQRCFmRidN,gTvIUXlsNBMzBQRCFmRidN@outlook.com,1,12-19-2020,"create a hash combining firstname, lastname, email"
DqhXZZZMhcc,niocRsZXCjB,DqhXZZZMhccniocRsZXCjB@gmail.com,0,12-09-2020,"create a hash combining firstname, lastname, email"
UBRFBDguKcr,AiWNShfozwy,UBRFBDguKcrAiWNShfozwy@outlook.com,0,12-27-2020,"create a hash combining firstname, lastname, email"
natXUKAvsAi,OzbwbGIObCg,natXUKAvsAiOzbwbGIObCg@yahoo.com,0,12-17-2020,"create a hash combining firstname, lastname, email"
SZvrEllGZXd,TyUZmRgWwJe,SZvrEllGZXdTyUZmRgWwJe@outlook.com,1,12-02-2020,"create a hash combining firstname, lastname, email"
xyMXNMkypYg,lUhduWHGMMT,xyMXNMkypYglUhduWHGMMT@outlook.com,1,12-19-2020,"create a hash combining firstname, lastname, email"
PBpbKSltEHJ,VQeeoCtqJfE,PBpbKSltEHJVQeeoCtqJfE@yahoo.com,0,12-29-2020,"create a hash combining firstname, lastname, email"
yWMWpClMLJP,GvXPgTWQlfm,yWMWpClMLJPGvXPgTWQlfm@yahoo.com,1,12-04-2020,"create a hash combining firstname, lastname, email"
bDmiAiiTxem,BSzQWpGzAqZ,bDmiAiiTxemBSzQWpGzAqZ@yahoo.com,0,12-30-2020,"create a hash combining firstname, lastname, email"
TzwCAnfZnxm,YenDchpvHRc,TzwCAnfZnxmYenDchpvHRc@gmail.com,0,12-24-2020,"create a hash combining firstname, lastname, email"
NjJsGMNsiTO,gWMwIjNHcLU,NjJsGMNsiTOgWMwIjNHcLU@outlook.com,0,12-19-2020,"create a hash combining firstname, lastname, email"
mraFbBEtUpw,fBUzUYFQaRk,mraFbBEtUpwfBUzUYFQaRk@outlook.com,1,12-24-2020,"create a hash combining firstname, lastname, email"
RkphHYHqLyW,FOVEyhNgqkj,RkphHYHqLyWFOVEyhNgqkj@outlook.com,0,12-23-2020,"create a hash combining firstname, lastname, email"
ZmNrwxIHTJV,tAlXBYXPxAx,ZmNrwxIHTJVtAlXBYXPxAx@yahoo.com,0,12-20-2020,"create a hash combining firstname, lastname, email"
aldzZTHGYgF,sLoBSyGqqOU,aldzZTHGYgFsLoBSyGqqOU@gmail.com,0,12-01-2020,"create a hash combining firstname, lastname, email"
AUuCNtGmMQM,eEHkbPYCfEN,AUuCNtGmMQMeEHkbPYCfEN@gmail.com,1,12-20-2020,"create a hash combining firstname, lastname, email"
SxzBkkqsSqy,YxrDdcvVLRk,SxzBkkqsSqyYxrDdcvVLRk@yahoo.com,0,12-03-2020,"create a hash combining firstname, lastname, email"
zZSzDBDgJMb,sNBMGehaATG,zZSzDBDgJMbsNBMGehaATG@outlook.com,0,12-08-2020,"create a hash combining firstname, lastname, email"
CeITAqgKpHv,kKcKpwmfABj,CeITAqgKpHvkKcKpwmfABj@gmail.com,1,12-07-2020,"create a hash combining firstname, lastname, email"
LamLEwlXmpp,JCohPANYFcs,LamLEwlXmppJCohPANYFcs@gmail.com,1,12-13-2020,"create a hash combining firstname, lastname, email"
TkPJirllnBI,nBnmMflzifT,TkPJirllnBInBnmMflzifT@yahoo.com,1,12-15-2020,"create a hash combining firstname, lastname, email"
DHhCliPqQwt,nKmRZoGGkiT,DHhCliPqQwtnKmRZoGGkiT@gmail.com,0,12-30-2020,"create a hash combining firstname, lastname, email"
CzgCIfiOwsh,MGGDtEGOXav,CzgCIfiOwshMGGDtEGOXav@gmail.com,0,12-16-2020,"create a hash combining firstname, lastname, email"
lEixJkhBNTg,LaKUFGTPzxW,lEixJkhBNTgLaKUFGTPzxW@yahoo.com,1,12-18-2020,"create a hash combining firstname, lastname, email"
lyuKappBRdQ,urAwORMAstr,lyuKappBRdQurAwORMAstr@outlook.com,1,12-16-2020,"create a hash combining firstname, lastname, email"
WBXjhlhPeed,TtEiKeEcAUB,WBXjhlhPeedTtEiKeEcAUB@yahoo.com,1,12-18-2020,"create a hash combining firstname, lastname, email"
AHAmcVXftxJ,QfvpjHOivPc,AHAmcVXftxJQfvpjHOivPc@yahoo.com,0,12-08-2020,"create a hash combining firstname, lastname, email"
kRsOJbEJgkK,FwpMQkBscnD,kRsOJbEJgkKFwpMQkBscnD@gmail.com,0,12-27-2020,"create a hash combining firstname, lastname, email"
TzUpPcpcQBV,vXPqzagDuYo,TzUpPcpcQBVvXPqzagDuYo@outlook.com,1,12-20-2020,"create a hash combining firstname, lastname, email"
hnowyjbWaTN,SLrQNoNRmdn,hnowyjbWaTNSLrQNoNRmdn@outlook.com,1,12-21-2020,"create a hash combining firstname, lastname, email"
lhMSRoRNzFU,nrnxSEIWnGe,lhMSRoRNzFUnrnxSEIWnGe@outlook.com,1,12-05-2020,"create a hash combining firstname, lastname, email"
OxvHBOKHGhi,lffslYtfgcN,OxvHBOKHGhilffslYtfgcN@outlook.com,0,12-02-2020,"create a hash combining firstname, lastname, email"
CgrVJqlvZvn,ZqbDGZWqGKW,CgrVJqlvZvnZqbDGZWqGKW@gmail.com,0,12-05-2020,"create a hash combining firstname, lastname, email"
ieLDYTvfEFg,csBXNrDqmjn,ieLDYTvfEFgcsBXNrDqmjn@yahoo.com,1,12-23-2020,"create a hash combining firstname, lastname, email"
QgZvsmpzxrQ,ARRCedyEVKy,QgZvsmpzxrQARRCedyEVKy@outlook.com,0,12-15-2020,"create a hash combining firstname, lastname, email"
BMnWkIVvULw,BxRcIfdKuwf,BMnWkIVvULwBxRcIfdKuwf@gmail.com,0,12-24-2020,"create a hash combining firstname, lastname, email"
aIwObUDSuzT,LtDverWGIqX,aIwObUDSuzTLtDverWGIqX@yahoo.com,0,12-10-2020,"create a hash combining firstname, lastname, email"
hdkMfTLaGdq,iLtiEdeTlXU,hdkMfTLaGdqiLtiEdeTlXU@outlook.com,0,12-30-2020,"create a hash combining firstname, lastname, email"
zQUYNBybLVX,yKWkqPbiFSU,zQUYNBybLVXyKWkqPbiFSU@outlook.com,1,12-19-2020,"create a hash combining firstname, lastname, email"
TZTVdXIudGG,awyodlNQpJr,TZTVdXIudGGawyodlNQpJr@outlook.com,1,12-16-2020,"create a hash combining firstname, lastname, email"
hoqUqhxPptX,FbzHjcoZIts,hoqUqhxPptXFbzHjcoZIts@yahoo.com,1,12-07-2020,"create a hash combining firstname, lastname, email"
oaLsuBTybCE,QQcOfIcHqEX,oaLsuBTybCEQQcOfIcHqEX@gmail.com,1,12-20-2020,"create a hash combining firstname, lastname, email"
rmAjrcwhqeW,xlRoNwjLqGf,rmAjrcwhqeWxlRoNwjLqGf@yahoo.com,1,12-13-2020,"create a hash combining firstname, lastname, email"
qlwgZupoJVh,cdNAgBjjQvv,qlwgZupoJVhcdNAgBjjQvv@yahoo.com,0,12-25-2020,"create a hash combining firstname, lastname, email"
EYKWcwociur,gAbdxXjVLga,EYKWcwociurgAbdxXjVLga@outlook.com,0,12-03-2020,"create a hash combining firstname, lastname, email"
VsQdSAkVIwG,kzavvSPhczl,VsQdSAkVIwGkzavvSPhczl@gmail.com,0,12-06-2020,"create a hash combining firstname, lastname, email"
CSfToRSOQwi,ZvURDpRjebi,CSfToRSOQwiZvURDpRjebi@gmail.com,1,12-03-2020,"create a hash combining firstname, lastname, email"
nDuvkTfVGqB,fmMUnMTDEYy,nDuvkTfVGqBfmMUnMTDEYy@outlook.com,1,12-10-2020,"create a hash combining firstname, lastname, email"
iOZBMNlGDJS,WWXKMpXZITP,iOZBMNlGDJSWWXKMpXZITP@outlook.com,1,12-21-2020,"create a hash combining firstname, lastname, email"
uSWezzrmVeM,SSRomDKsluS,uSWezzrmVeMSSRomDKsluS@outlook.com,1,12-07-2020,"create a hash combining firstname, lastname, email"
PZjLbqKmJQX,ahKtHzDuaFz,PZjLbqKmJQXahKtHzDuaFz@gmail.com,1,12-26-2020,"create a hash combining firstname, lastname, email"
WLrnuqmniZt,vBxgBYlWtme,WLrnuqmniZtvBxgBYlWtme@outlook.com,1,12-05-2020,"create a hash combining firstname, lastname, email"
KeaDiVmIopc,wedgekumFOl,KeaDiVmIopcwedgekumFOl@yahoo.com,0,12-10-2020,"create a hash combining firstname, lastname, email"
IhTFjIADoYZ,daXkyiZsMUD,IhTFjIADoYZdaXkyiZsMUD@gmail.com,1,12-27-2020,"create a hash combining firstname, lastname, email"
HTOifJeTymn,iILssllHEog,HTOifJeTymniILssllHEog@yahoo.com,0,12-18-2020,"create a hash combining firstname, lastname, email"
WQEqjKCVQRK,etXCpUJUAxF,WQEqjKCVQRKetXCpUJUAxF@yahoo.com,0,12-31-2020,"create a hash combining firstname, lastname, email"
BEqdGmNhFgz,mYQZUGxOqLB,BEqdGmNhFgzmYQZUGxOqLB@outlook.com,0,12-15-2020,"create a hash combining firstname, lastname, email"
rPEMHTttoXg,mzmareuIJzY,rPEMHTttoXgmzmareuIJzY@yahoo.com,0,12-15-2020,"create a hash combining firstname, lastname, email"
PzhGbkWUCkH,rnrXljYqMMh,PzhGbkWUCkHrnrXljYqMMh@yahoo.com,1,12-24-2020,"create a hash combining firstname, lastname, email"
yFANbSxQPTF,MpeZqyVNeRn,yFANbSxQPTFMpeZqyVNeRn@yahoo.com,1,12-11-2020,"create a hash combining firstname, lastname, email"
EvZIUofHSuN,vpIFFUWwDKv,EvZIUofHSuNvpIFFUWwDKv@yahoo.com,1,12-06-2020,"create a hash combining firstname, lastname, email"
ufkabytLrxo,lqqMGQaKPxN,ufkabytLrxolqqMGQaKPxN@gmail.com,0,12-18-2020,"create a hash combining firstname, lastname, email"
GUyKeleytgI,ieqwGHekcxF,GUyKeleytgIieqwGHekcxF@outlook.com,0,12-09-2020,"create a hash combining firstname, lastname, email"
rfEsUPyFbBm,rhzZRBPvVwv,rfEsUPyFbBmrhzZRBPvVwv@yahoo.com,0,12-20-2020,"create a hash combining firstname, lastname, email"
ERCunXuUbjk,OrhaLEjfODW,ERCunXuUbjkOrhaLEjfODW@yahoo.com,0,12-10-2020,"create a hash combining firstname, lastname, email"
QhPEAaYiwBE,JPeKKHHcuyI,QhPEAaYiwBEJPeKKHHcuyI@yahoo.com,1,12-27-2020,"create a hash combining firstname, lastname, email"
FugDUwcRTDj,MSFcFGSbkUv,FugDUwcRTDjMSFcFGSbkUv@gmail.com,1,12-30-2020,"create a hash combining firstname, lastname, email"
TxoQFQTIlfJ,kyihIjohMuc,TxoQFQTIlfJkyihIjohMuc@gmail.com,1,12-07-2020,"create a hash combining firstname, lastname, email"
RmMsBGMtsZz,IqUPrCVPxdz,RmMsBGMtsZzIqUPrCVPxdz@outlook.com,0,12-11-2020,"create a hash combining firstname, lastname, email"
wtDadVffWPU,yTiIIRZPkNv,wtDadVffWPUyTiIIRZPkNv@gmail.com,0,12-10-2020,"create a hash combining firstname, lastname, email"
kIwaWNkKUys,OexXDReCSNG,kIwaWNkKUysOexXDReCSNG@outlook.com,0,12-27-2020,"create a hash combining firstname, lastname, email"
bZjQjXKHDcb,dwrObvzcIJV,bZjQjXKHDcbdwrObvzcIJV@yahoo.com,0,12-25-2020,"create a hash combining firstname, lastname, email"
lcayyXAwVJO,NLhlqlykLRy,lcayyXAwVJONLhlqlykLRy@yahoo.com,0,12-31-2020,"create a hash combining firstname, lastname, email"
CsutouNQLdD,lwUBaJSUQGH,CsutouNQLdDlwUBaJSUQGH@yahoo.com,0,12-26-2020,"create a hash combining firstname, lastname, email"
wsBxpXKoCsJ,mQcxXYRnvGe,wsBxpXKoCsJmQcxXYRnvGe@yahoo.com,1,12-09-2020,"create a hash combining firstname, lastname, email"
UzRoIBhzVWV,oicetzdaJHu,UzRoIBhzVWVoicetzdaJHu@gmail.com,1,12-13-2020,"create a hash combining firstname, lastname, email"
VYmZvkAsElW,MpmDEMOpIoa,VYmZvkAsElWMpmDEMOpIoa@gmail.com,0,12-28-2020,"create a hash combining firstname, lastname, email"
IBLtvRVyhUA,yoeJfWNAVuG,IBLtvRVyhUAyoeJfWNAVuG@gmail.com,0,12-11-2020,"create a hash combining firstname, lastname, email"
CRexJvThxrI,lswgqlbDTVD,CRexJvThxrIlswgqlbDTVD@gmail.com,1,12-19-2020,"create a hash combining firstname, lastname, email"
MCPVawDWsZK,sezysVDkKJb,MCPVawDWsZKsezysVDkKJb@gmail.com,1,12-21-2020,"create a hash combining firstname, lastname, email"
blVVzEIiLVt,RuZaBYRDZNK,blVVzEIiLVtRuZaBYRDZNK@yahoo.com,0,12-27-2020,"create a hash combining firstname, lastname, email"
xZdSHLXmDda,CqrrZMTwKjG,xZdSHLXmDdaCqrrZMTwKjG@gmail.com,0,12-12-2020,"create a hash combining firstname, lastname, email"
aykTiPHqtqv,wvJvpwYQcEv,aykTiPHqtqvwvJvpwYQcEv@outlook.com,0,12-04-2020,"create a hash combining firstname, lastname, email"
QStdQDRCeLk,AzrMrLmDQkL,QStdQDRCeLkAzrMrLmDQkL@gmail.com,1,12-31-2020,"create a hash combining firstname, lastname, email"
vWtFapECDQg,usbfDDtWynl,vWtFapECDQgusbfDDtWynl@outlook.com,0,12-13-2020,"create a hash combining firstname, lastname, email"
JokFQZwwhIZ,YPqOjiLehjE,JokFQZwwhIZYPqOjiLehjE@yahoo.com,1,12-11-2020,"create a hash combining firstname, lastname, email"
bBHzKORFpSd,MHjxFNtbtuO,bBHzKORFpSdMHjxFNtbtuO@gmail.com,0,12-30-2020,"create a hash combining firstname, lastname, email"
yCCHVLiEXhO,ENDAhGooOYP,yCCHVLiEXhOENDAhGooOYP@yahoo.com,0,12-25-2020,"create a hash combining firstname, lastname, email"
xpVgLEwWIfX,gWcgvsAkFPv,xpVgLEwWIfXgWcgvsAkFPv@yahoo.com,1,12-28-2020,"create a hash combining firstname, lastname, email"
QdVtNJxWKAZ,XqHAUxuBcmx,QdVtNJxWKAZXqHAUxuBcmx@gmail.com,0,12-23-2020,"create a hash combining firstname, lastname, email"
UNfEYZqfIKV,isSVZTMOQyH,UNfEYZqfIKVisSVZTMOQyH@gmail.com,0,12-15-2020,"create a hash combining firstname, lastname, email"
OYquypqksMg,NPDLfyhcyHB,OYquypqksMgNPDLfyhcyHB@outlook.com,0,12-03-2020,"create a hash combining firstname, lastname, email"
GmJiFRPsWmx,lnySEgwDILw,GmJiFRPsWmxlnySEgwDILw@gmail.com,1,12-26-2020,"create a hash combining firstname, lastname, email"
yQkXFGeXEWg,aZbQsvcuqks,yQkXFGeXEWgaZbQsvcuqks@outlook.com,1,12-20-2020,"create a hash combining firstname, lastname, email"
MGvABOJvqwq,aCzvyllyLLP,MGvABOJvqwqaCzvyllyLLP@outlook.com,0,12-21-2020,"create a hash combining firstname, lastname, email"
JuGowBwlRKS,BBvGhiKelqP,JuGowBwlRKSBBvGhiKelqP@yahoo.com,0,12-26-2020,"create a hash combining firstname, lastname, email"
DHnRBirsCIk,iPNLIHmbAqG,DHnRBirsCIkiPNLIHmbAqG@yahoo.com,1,12-29-2020,"create a hash combining firstname, lastname, email"
AoHEqMuedgt,DQXVcNUHYJE,AoHEqMuedgtDQXVcNUHYJE@outlook.com,0,12-18-2020,"create a hash combining firstname, lastname, email"
nIbhWgNXSWo,NjEogxUzYnQ,nIbhWgNXSWoNjEogxUzYnQ@outlook.com,1,12-18-2020,"create a hash combining firstname, lastname, email"
XAlYYDtAsuT,HnyDpjhJxUL,XAlYYDtAsuTHnyDpjhJxUL@gmail.com,1,12-23-2020,"create a hash combining firstname, lastname, email"
wofxKjfrxBJ,cxvXeqQxzNn,wofxKjfrxBJcxvXeqQxzNn@gmail.com,1,12-21-2020,"create a hash combining firstname, lastname, email"
BgqWGPtBhoa,NlgSuSdSUOW,BgqWGPtBhoaNlgSuSdSUOW@yahoo.com,0,12-19-2020,"create a hash combining firstname, lastname, email"
GYWTNdKfdph,tSOAeQStrKy,GYWTNdKfdphtSOAeQStrKy@gmail.com,0,12-28-2020,"create a hash combining firstname, lastname, email"
favACGLAsVn,PBSHfOTIuFv,favACGLAsVnPBSHfOTIuFv@gmail.com,1,12-27-2020,"create a hash combining firstname, lastname, email"
zzuggHACwQn,cFtZdmotHcs,zzuggHACwQncFtZdmotHcs@gmail.com,0,12-07-2020,"create a hash combining firstname, lastname, email"
qLcMSuaeLWF,CaOBufVAkVk,qLcMSuaeLWFCaOBufVAkVk@yahoo.com,1,12-22-2020,"create a hash combining firstname, lastname, email"
YPklUiWATtw,WaxuqZRyVnl,YPklUiWATtwWaxuqZRyVnl@gmail.com,0,12-16-2020,"create a hash combining firstname, lastname, email"
kmUWSBwFaex,AbduskYUQKd,kmUWSBwFaexAbduskYUQKd@outlook.com,1,12-23-2020,"create a hash combining firstname, lastname, email"
khebrpNTmPr,MVWobKELXRg,khebrpNTmPrMVWobKELXRg@outlook.com,1,12-23-2020,"create a hash combining firstname, lastname, email"
KkOqxRXvbZs,UvkRJKEKjxa,KkOqxRXvbZsUvkRJKEKjxa@gmail.com,1,12-31-2020,"create a hash combining firstname, lastname, email"
DBHvWJmKfAP,XeDexoDUYVd,DBHvWJmKfAPXeDexoDUYVd@outlook.com,1,12-11-2020,"create a hash combining firstname, lastname, email"
QbEQlZJgNIq,wlDyvhvLTnC,QbEQlZJgNIqwlDyvhvLTnC@yahoo.com,0,12-08-2020,"create a hash combining firstname, lastname, email"
XFUFBFnNcTQ,EyvQqzVSwHf,XFUFBFnNcTQEyvQqzVSwHf@gmail.com,0,12-17-2020,"create a hash combining firstname, lastname, email"
YrjKaIThxMv,HukonwTvFCE,YrjKaIThxMvHukonwTvFCE@yahoo.com,1,12-27-2020,"create a hash combining firstname, lastname, email"
dOvKQzKYgeO,PIproEqZbpc,dOvKQzKYgeOPIproEqZbpc@yahoo.com,0,12-10-2020,"create a hash combining firstname, lastname, email"
PYbOYUAkZbn,WOXFhxDeKCu,PYbOYUAkZbnWOXFhxDeKCu@outlook.com,0,12-08-2020,"create a hash combining firstname, lastname, email"
PXArInTwtDq,YevDIvLJEQN,PXArInTwtDqYevDIvLJEQN@outlook.com,0,12-31-2020,"create a hash combining firstname, lastname, email"
QyKijbZMKxx,GrlqVCBRETG,QyKijbZMKxxGrlqVCBRETG@yahoo.com,0,12-26-2020,"create a hash combining firstname, lastname, email"
pYUwXQngGxX,AufAGsgAqni,pYUwXQngGxXAufAGsgAqni@outlook.com,0,12-27-2020,"create a hash combining firstname, lastname, email"
OOQFGoOvylH,nhoGpVtSHth,OOQFGoOvylHnhoGpVtSHth@yahoo.com,0,12-13-2020,"create a hash combining firstname, lastname, email"
vsWVrFSBihs,SxGtDuxnWYg,vsWVrFSBihsSxGtDuxnWYg@gmail.com,1,12-27-2020,"create a hash combining firstname, lastname, email"
ddnNJDAqfia,itSWBgOwlWg,ddnNJDAqfiaitSWBgOwlWg@gmail.com,1,12-14-2020,"create a hash combining firstname, lastname, email"
eHePEcLxRjZ,MdoaRTrXTOb,eHePEcLxRjZMdoaRTrXTOb@outlook.com,0,12-30-2020,"create a hash combining firstname, lastname, email"
SXkLuaequne,XYySSUwcpKM,SXkLuaequneXYySSUwcpKM@yahoo.com,0,12-03-2020,"create a hash combining firstname, lastname, email"
AuAYytIqrvV,yiXxIWIYtqm,AuAYytIqrvVyiXxIWIYtqm@yahoo.com,1,12-23-2020,"create a hash combining firstname, lastname, email"
vNrIVIQvNsT,BkUKtIwnvjr,vNrIVIQvNsTBkUKtIwnvjr@yahoo.com,0,12-07-2020,"create a hash combining firstname, lastname, email"
zEetaANqvLn,HPoVhYbtkeR,zEetaANqvLnHPoVhYbtkeR@gmail.com,1,12-29-2020,"create a hash combining firstname, lastname, email"
cbwMZFKSGps,iLUEGUKEPwv,cbwMZFKSGpsiLUEGUKEPwv@yahoo.com,0,12-31-2020,"create a hash combining firstname, lastname, email"
ACHydHEySXt,SQFGDYZaMOw,ACHydHEySXtSQFGDYZaMOw@yahoo.com,1,12-31-2020,"create a hash combining firstname, lastname, email"
JvDFihXqMNY,fzzpttQfVBQ,JvDFihXqMNYfzzpttQfVBQ@yahoo.com,0,12-12-2020,"create a hash combining firstname, lastname, email"
uTSEbbHToBL,YiuGkMkEZYg,uTSEbbHToBLYiuGkMkEZYg@yahoo.com,0,12-12-2020,"create a hash combining firstname, lastname, email"
RCnQZjUfzqP,OctzWDbMCPl,RCnQZjUfzqPOctzWDbMCPl@yahoo.com,0,12-28-2020,"create a hash combining firstname, lastname, email"
iTgujrVrTzm,ICfpVPLHKbv,iTgujrVrTzmICfpVPLHKbv@yahoo.com,1,12-17-2020,"create a hash combining firstname, lastname, email"
pcLKPjFIafc,ZShdRpXvIDO,pcLKPjFIafcZShdRpXvIDO@outlook.com,1,12-02-2020,"create a hash combining firstname, lastname, email"
aVvzLfSdLKl,JUHkCwWpEuy,aVvzLfSdLKlJUHkCwWpEuy@gmail.com,1,12-09-2020,"create a hash combining firstname, lastname, email"
jrKYnzFFhMU,YNQigNrplis,jrKYnzFFhMUYNQigNrplis@yahoo.com,0,12-19-2020,"create a hash combining firstname, lastname, email"
fXfwumRYyVW,lXNosuIciRM,fXfwumRYyVWlXNosuIciRM@outlook.com,0,12-12-2020,"create a hash combining firstname, lastname, email"
ymILfcRrJxk,ZgXTTMwIkSj,ymILfcRrJxkZgXTTMwIkSj@yahoo.com,1,12-19-2020,"create a hash combining firstname, lastname, email"
PKRdxjkHqkL,xhyawNdsjZC,PKRdxjkHqkLxhyawNdsjZC@outlook.com,0,12-31-2020,"create a hash combining firstname, lastname, email"
cQxTgVWRsNa,CBIOqGTEqiQ,cQxTgVWRsNaCBIOqGTEqiQ@outlook.com,1,12-05-2020,"create a hash combining firstname, lastname, email"
QiXPsJvwBVz,qFRnOYejQrK,QiXPsJvwBVzqFRnOYejQrK@gmail.com,1,12-07-2020,"create a hash combining firstname, lastname, email"
ByNztkgBOzi,mztuJKHivMf,ByNztkgBOzimztuJKHivMf@yahoo.com,0,12-31-2020,"create a hash combining firstname, lastname, email"
tuouvABTshv,YNxpmsSQhud,tuouvABTshvYNxpmsSQhud@gmail.com,0,12-07-2020,"create a hash combining firstname, lastname, email"
eVCuqxHphng,kFcwDDvChhq,eVCuqxHphngkFcwDDvChhq@yahoo.com,1,12-27-2020,"create a hash combining firstname, lastname, email"
FMqBCawYfeX,XKktNYzqoQB,FMqBCawYfeXXKktNYzqoQB@gmail.com,0,12-21-2020,"create a hash combining firstname, lastname, email"
nplHTuVXwue,nmPpKVFltnn,nplHTuVXwuenmPpKVFltnn@yahoo.com,1,12-26-2020,"create a hash combining firstname, lastname, email"
iVQBQrfCvMl,uQSDCOQuWCH,iVQBQrfCvMluQSDCOQuWCH@outlook.com,1,12-17-2020,"create a hash combining firstname, lastname, email"
bQleWlldURh,VWjCJLXwmGl,bQleWlldURhVWjCJLXwmGl@outlook.com,1,12-25-2020,"create a hash combining firstname, lastname, email"
dAsbxtQxtXn,eSnuEdcDvvu,dAsbxtQxtXneSnuEdcDvvu@gmail.com,1,12-12-2020,"create a hash combining firstname, lastname, email"
OAywfjXVllT,gmnbnhlNQRg,OAywfjXVllTgmnbnhlNQRg@gmail.com,0,12-07-2020,"create a hash combining firstname, lastname, email"
SlBFOBGhhbH,uWRxiJHRbwX,SlBFOBGhhbHuWRxiJHRbwX@yahoo.com,0,12-29-2020,"create a hash combining firstname, lastname, email"
IvKEtHpgnIc,HytHkymcntz,IvKEtHpgnIcHytHkymcntz@yahoo.com,1,12-23-2020,"create a hash combining firstname, lastname, email"
ZfRSoLckQau,MEEjqpIiJFe,ZfRSoLckQauMEEjqpIiJFe@gmail.com,1,12-23-2020,"create a hash combining firstname, lastname, email"
NVbVeSdTfNv,tXIacwcDnUG,NVbVeSdTfNvtXIacwcDnUG@outlook.com,1,12-14-2020,"create a hash combining firstname, lastname, email"
RlfSNiOjHWf,PGeqcYvKXMP,RlfSNiOjHWfPGeqcYvKXMP@gmail.com,1,12-28-2020,"create a hash combining firstname, lastname, email"
eXgrVyHysSV,YgQRRhLeBSz,eXgrVyHysSVYgQRRhLeBSz@gmail.com,1,12-14-2020,"create a hash combining firstname, lastname, email"
abBsxCQQsti,YhrADrVbbdR,abBsxCQQstiYhrADrVbbdR@yahoo.com,1,12-08-2020,"create a hash combining firstname, lastname, email"
lbyptWlIVxY,SlpGURLNFvJ,lbyptWlIVxYSlpGURLNFvJ@gmail.com,1,12-13-2020,"create a hash combining firstname, lastname, email"
mHbSluRJhkE,ivYnoVhMszA,mHbSluRJhkEivYnoVhMszA@gmail.com,0,12-20-2020,"create a hash combining firstname, lastname, email"
ZInkKKbMtUA,SSNHFQBsJAv,ZInkKKbMtUASSNHFQBsJAv@yahoo.com,0,12-01-2020,"create a hash combining firstname, lastname, email"
WmYYGbKeoFI,yojCZiMLMbi,WmYYGbKeoFIyojCZiMLMbi@gmail.com,0,12-14-2020,"create a hash combining firstname, lastname, email"
hmAOHenRduR,aXRdqbxXgWX,hmAOHenRduRaXRdqbxXgWX@outlook.com,0,12-30-2020,"create a hash combining firstname, lastname, email"
IRflmIiLuEy,CMLfxSnkIwn,IRflmIiLuEyCMLfxSnkIwn@gmail.com,0,12-25-2020,"create a hash combining firstname, lastname, email"
zvjXMXDigzp,XiXFlwHnpuo,zvjXMXDigzpXiXFlwHnpuo@yahoo.com,0,12-16-2020,"create a hash combining firstname, lastname, email"
DYeMMAKCZls,kluWrGisxZQ,DYeMMAKCZlskluWrGisxZQ@yahoo.com,1,12-07-2020,"create a hash combining firstname, lastname, email"
rmFQGIhXAgK,xxbkaXfCjlb,rmFQGIhXAgKxxbkaXfCjlb@yahoo.com,1,12-21-2020,"create a hash combining firstname, lastname, email"
vQRORoVhLIB,kPDaNERKlqD,vQRORoVhLIBkPDaNERKlqD@gmail.com,1,12-28-2020,"create a hash combining firstname, lastname, email"
NzRYgslDHPo,VaZExlUwGyO,NzRYgslDHPoVaZExlUwGyO@yahoo.com,1,12-29-2020,"create a hash combining firstname, lastname, email"
toKkehwmwRp,WlgoSIsHqrY,toKkehwmwRpWlgoSIsHqrY@gmail.com,0,12-01-2020,"create a hash combining firstname, lastname, email"
TgBvyZJFnxG,lTMCAwIougA,TgBvyZJFnxGlTMCAwIougA@gmail.com,0,12-27-2020,"create a hash combining firstname, lastname, email"
ZfCNjiEoUlM,GOHQAjNTMDq,ZfCNjiEoUlMGOHQAjNTMDq@outlook.com,1,12-01-2020,"create a hash combining firstname, lastname, email"
mKtiyqSITYr,CzGAFktTNFa,mKtiyqSITYrCzGAFktTNFa@outlook.com,0,12-22-2020,"create a hash combining firstname, lastname, email"
LhzXQlWOGSg,yfoELSVuMnR,LhzXQlWOGSgyfoELSVuMnR@yahoo.com,0,12-07-2020,"create a hash combining firstname, lastname, email"
GSNhkSWKLqY,cnJDRqHNKwL,GSNhkSWKLqYcnJDRqHNKwL@outlook.com,0,12-09-2020,"create a hash combining firstname, lastname, email"
FAPlzoTVMCi,jCVEMzxjIUh,FAPlzoTVMCijCVEMzxjIUh@outlook.com,1,12-30-2020,"create a hash combining firstname, lastname, email"
VAUGWqdGYeR,ivyyinJGjoA,VAUGWqdGYeRivyyinJGjoA@gmail.com,0,12-31-2020,"create a hash combining firstname, lastname, email"
OvYwQfBPsgd,hIXMXLtgcrB,OvYwQfBPsgdhIXMXLtgcrB@outlook.com,0,12-19-2020,"create a hash combining firstname, lastname, email"
XpeOOZQSBlZ,GlwPzOQOwMv,XpeOOZQSBlZGlwPzOQOwMv@yahoo.com,1,12-03-2020,"create a hash combining firstname, lastname, email"
SJlfYRpxkyS,FnaKEfEEOJk,SJlfYRpxkySFnaKEfEEOJk@outlook.com,1,12-05-2020,"create a hash combining firstname, lastname, email"
NgoheeGhrnT,mmQiYkmEIzv,NgoheeGhrnTmmQiYkmEIzv@outlook.com,0,12-30-2020,"create a hash combining firstname, lastname, email"
KpRDyWfqevq,vnLgDvFiozi,KpRDyWfqevqvnLgDvFiozi@yahoo.com,0,12-15-2020,"create a hash combining firstname, lastname, email"
PKISFGLDNuB,hHkSFKBjZVR,PKISFGLDNuBhHkSFKBjZVR@yahoo.com,0,12-09-2020,"create a hash combining firstname, lastname, email"
toEDFbgieMC,OWYCjfrXofs,toEDFbgieMCOWYCjfrXofs@outlook.com,1,12-18-2020,"create a hash combining firstname, lastname, email"
AIYneyLWUIT,znnEkWtFyRL,AIYneyLWUITznnEkWtFyRL@yahoo.com,0,12-26-2020,"create a hash combining firstname, lastname, email"
FgcNqqKvPBX,QGotWKPNRCv,FgcNqqKvPBXQGotWKPNRCv@gmail.com,0,12-16-2020,"create a hash combining firstname, lastname, email"
tZDevkxxVuR,XWOqUhvuzCL,tZDevkxxVuRXWOqUhvuzCL@yahoo.com,1,12-06-2020,"create a hash combining firstname, lastname, email"
bOonMyLJlLT,inLsWWSvBch,bOonMyLJlLTinLsWWSvBch@outlook.com,1,12-31-2020,"create a hash combining firstname, lastname, email"
CSJRMTdjnOo,egJMGYgEzjB,CSJRMTdjnOoegJMGYgEzjB@yahoo.com,1,12-16-2020,"create a hash combining firstname, lastname, email"
etwgplnkgWz,mMCySwPNfKT,etwgplnkgWzmMCySwPNfKT@yahoo.com,1,12-27-2020,"create a hash combining firstname, lastname, email"
kDRVKmPtnEm,ePmgzUgZhln,kDRVKmPtnEmePmgzUgZhln@gmail.com,1,12-19-2020,"create a hash combining firstname, lastname, email"
rTmmxjMmHqY,iYHckRBmqek,rTmmxjMmHqYiYHckRBmqek@gmail.com,0,12-01-2020,"create a hash combining firstname, lastname, email"
HFrvAhnIbnQ,bFUWdndTRJs,HFrvAhnIbnQbFUWdndTRJs@outlook.com,0,12-25-2020,"create a hash combining firstname, lastname, email"
ShMKdYJtHFa,njzlFotXYQw,ShMKdYJtHFanjzlFotXYQw@yahoo.com,0,12-01-2020,"create a hash combining firstname, lastname, email"
nWKHaoBwzVK,GvfAXpBxuPI,nWKHaoBwzVKGvfAXpBxuPI@outlook.com,1,12-13-2020,"create a hash combining firstname, lastname, email"
mfDJkSBbPNG,DsoUFpVPBow,mfDJkSBbPNGDsoUFpVPBow@outlook.com,0,12-15-2020,"create a hash combining firstname, lastname, email"
BnoBnBWxkNh,oJfhpYKjfea,BnoBnBWxkNhoJfhpYKjfea@gmail.com,1,12-16-2020,"create a hash combining firstname, lastname, email"
HllruqgRsdB,CJEXuavYNnM,HllruqgRsdBCJEXuavYNnM@outlook.com,1,12-02-2020,"create a hash combining firstname, lastname, email"
PqIKmSdjZTT,SdpRqgerEVW,PqIKmSdjZTTSdpRqgerEVW@gmail.com,1,12-14-2020,"create a hash combining firstname, lastname, email"
zlVXWuolNno,VgUTxOGRBaz,zlVXWuolNnoVgUTxOGRBaz@yahoo.com,1,12-28-2020,"create a hash combining firstname, lastname, email"
NGuCylgQGLc,zEVuIPWMApI,NGuCylgQGLczEVuIPWMApI@outlook.com,1,12-04-2020,"create a hash combining firstname, lastname, email"
pxgBRmCryTz,aEtYNICkZJK,pxgBRmCryTzaEtYNICkZJK@outlook.com,0,12-08-2020,"create a hash combining firstname, lastname, email"
wriRjnbBmzy,wNYQvVyHLIa,wriRjnbBmzywNYQvVyHLIa@yahoo.com,0,12-13-2020,"create a hash combining firstname, lastname, email"
GgTdHQgrvIg,TSWMQaFYHWI,GgTdHQgrvIgTSWMQaFYHWI@yahoo.com,1,12-19-2020,"create a hash combining firstname, lastname, email"
YsqqlgUvrQP,OrBkICjPdwo,YsqqlgUvrQPOrBkICjPdwo@outlook.com,0,12-27-2020,"create a hash combining firstname, lastname, email"
cYrIBQjMwhl,cxeQirPBwSl,cYrIBQjMwhlcxeQirPBwSl@yahoo.com,1,12-04-2020,"create a hash combining firstname, lastname, email"
KzFoEkhdVhQ,JGVHDEfhRep,KzFoEkhdVhQJGVHDEfhRep@outlook.com,1,12-15-2020,"create a hash combining firstname, lastname, email"
mLcxyfxrLlY,gitzVVrYuOG,mLcxyfxrLlYgitzVVrYuOG@yahoo.com,1,12-13-2020,"create a hash combining firstname, lastname, email"
BKmrNoHDEWm,ikLaDQoccne,BKmrNoHDEWmikLaDQoccne@outlook.com,1,12-19-2020,"create a hash combining firstname, lastname, email"
klqHkVXQNyH,eedPgVWgYTK,klqHkVXQNyHeedPgVWgYTK@outlook.com,1,12-16-2020,"create a hash combining firstname, lastname, email"
pnmDTDoXMNr,lnjRhstsKow,pnmDTDoXMNrlnjRhstsKow@gmail.com,0,12-12-2020,"create a hash combining firstname, lastname, email"
PwILOVKinMk,LhYHuoQpnhI,PwILOVKinMkLhYHuoQpnhI@outlook.com,1,12-06-2020,"create a hash combining firstname, lastname, email"
JvPzUybMGth,HRILWDNOVby,JvPzUybMGthHRILWDNOVby@outlook.com,0,12-18-2020,"create a hash combining firstname, lastname, email"
UdBQjTGdJXP,drBwEUFqYor,UdBQjTGdJXPdrBwEUFqYor@yahoo.com,0,12-25-2020,"create a hash combining firstname, lastname, email"
VFMSDkbKRrJ,VuOykqTjhHf,VFMSDkbKRrJVuOykqTjhHf@yahoo.com,1,12-31-2020,"create a hash combining firstname, lastname, email"
fcDZsAocXDu,MqEkfiwXAQw,fcDZsAocXDuMqEkfiwXAQw@gmail.com,0,12-14-2020,"create a hash combining firstname, lastname, email"
BYQNVYjzfYi,FXlxXeWvXEQ,BYQNVYjzfYiFXlxXeWvXEQ@outlook.com,0,12-05-2020,"create a hash combining firstname, lastname, email"
QGtTahKKGDh,xTUSROsXRnh,QGtTahKKGDhxTUSROsXRnh@outlook.com,1,12-20-2020,"create a hash combining firstname, lastname, email"
VsoxeLHvgzM,zjeLrMQyAxv,VsoxeLHvgzMzjeLrMQyAxv@yahoo.com,1,12-31-2020,"create a hash combining firstname, lastname, email"
ElzEtRfCdIm,ymdVHPEeyJc,ElzEtRfCdImymdVHPEeyJc@yahoo.com,1,12-25-2020,"create a hash combining firstname, lastname, email"
GRVQIOWkPyX,qIwzkahXqdQ,GRVQIOWkPyXqIwzkahXqdQ@outlook.com,1,12-18-2020,"create a hash combining firstname, lastname, email"
PbMgcKmPYTd,nEybqiaFUgi,PbMgcKmPYTdnEybqiaFUgi@outlook.com,1,12-15-2020,"create a hash combining firstname, lastname, email"
VWrDINBIKxC,UNlrZItggWL,VWrDINBIKxCUNlrZItggWL@yahoo.com,1,12-24-2020,"create a hash combining firstname, lastname, email"
YaLkOeKwAFW,BgLzAAdVdpU,YaLkOeKwAFWBgLzAAdVdpU@outlook.com,0,12-07-2020,"create a hash combining firstname, lastname, email"
cbiOTwISZSO,NjBufhcaBJr,cbiOTwISZSONjBufhcaBJr@gmail.com,0,12-01-2020,"create a hash combining firstname, lastname, email"
LAwDMVVdYYr,qVAueXaGGwz,LAwDMVVdYYrqVAueXaGGwz@outlook.com,1,12-21-2020,"create a hash combining firstname, lastname, email"
PvafXOUQObh,CfiVrhkFVzh,PvafXOUQObhCfiVrhkFVzh@gmail.com,1,12-17-2020,"create a hash combining firstname, lastname, email"
sHAPKtKJYbv,vjYcTERFAwP,sHAPKtKJYbvvjYcTERFAwP@outlook.com,1,12-18-2020,"create a hash combining firstname, lastname, email"
BrHuZvREVjl,wqdMlIDwkIj,BrHuZvREVjlwqdMlIDwkIj@gmail.com,0,12-25-2020,"create a hash combining firstname, lastname, email"
SslKVjpFccd,lKmNCuuBPfP,SslKVjpFccdlKmNCuuBPfP@outlook.com,1,12-05-2020,"create a hash combining firstname, lastname, email"
rSFViJjdMcO,UOVhVpPyBDs,rSFViJjdMcOUOVhVpPyBDs@yahoo.com,1,12-29-2020,"create a hash combining firstname, lastname, email"
UzBNPqdXwYZ,CVhMXSYEKWX,UzBNPqdXwYZCVhMXSYEKWX@outlook.com,1,12-04-2020,"create a hash combining firstname, lastname, email"
AvrZkUIahyl,OCxhEsRaMwc,AvrZkUIahylOCxhEsRaMwc@outlook.com,1,12-12-2020,"create a hash combining firstname, lastname, email"
rfdUODWduGy,rCnSEJydOet,rfdUODWduGyrCnSEJydOet@yahoo.com,1,12-25-2020,"create a hash combining firstname, lastname, email"
XqdJjpCCbVW,SZgytOhSLEz,XqdJjpCCbVWSZgytOhSLEz@yahoo.com,0,12-09-2020,"create a hash combining firstname, lastname, email"
YqFwMtuEdTp,GIVNMPuuwbL,YqFwMtuEdTpGIVNMPuuwbL@gmail.com,0,12-28-2020,"create a hash combining firstname, lastname, email"
bAaiCuSliAp,wcwYvIrPZem,bAaiCuSliApwcwYvIrPZem@gmail.com,1,12-05-2020,"create a hash combining firstname, lastname, email"
pJMTvdvefut,XHkfPCrutke,pJMTvdvefutXHkfPCrutke@yahoo.com,0,12-12-2020,"create a hash combining firstname, lastname, email"
ZMnKcLKgyke,hOwOHxZxPwA,ZMnKcLKgykehOwOHxZxPwA@outlook.com,0,12-12-2020,"create a hash combining firstname, lastname, email"
jSyxxNljuvI,BpXpRamfUWe,jSyxxNljuvIBpXpRamfUWe@yahoo.com,1,12-17-2020,"create a hash combining firstname, lastname, email"
ZOlznEmLyXJ,XluxNEEqTdq,ZOlznEmLyXJXluxNEEqTdq@yahoo.com,1,12-30-2020,"create a hash combining firstname, lastname, email"
wNHSDRrNHeO,mGiOyTBZhbI,wNHSDRrNHeOmGiOyTBZhbI@gmail.com,0,12-06-2020,"create a hash combining firstname, lastname, email"
DnJmFuPhyJL,wepZXMMgLut,DnJmFuPhyJLwepZXMMgLut@gmail.com,0,12-15-2020,"create a hash combining firstname, lastname, email"
NgeRNdrROZh,DRIQlbVBUdx,NgeRNdrROZhDRIQlbVBUdx@yahoo.com,0,12-18-2020,"create a hash combining firstname, lastname, email"
ByItClIfhAn,qMwfNcqEXWU,ByItClIfhAnqMwfNcqEXWU@gmail.com,1,12-19-2020,"create a hash combining firstname, lastname, email"
GwpNxNbNcQI,yKtTQoiTHmA,GwpNxNbNcQIyKtTQoiTHmA@yahoo.com,1,12-30-2020,"create a hash combining firstname, lastname, email"
PmEkPoOdRpY,zcwAMKyHFGG,PmEkPoOdRpYzcwAMKyHFGG@gmail.com,1,12-28-2020,"create a hash combining firstname, lastname, email"
fVRxHVmGlhZ,ZRIBcWpueXy,fVRxHVmGlhZZRIBcWpueXy@yahoo.com,0,12-30-2020,"create a hash combining firstname, lastname, email"
OVeEpVQZiop,JQSJmGjozCZ,OVeEpVQZiopJQSJmGjozCZ@outlook.com,1,12-26-2020,"create a hash combining firstname, lastname, email"
fWUvHMzCHct,bGYHSdWUWyR,fWUvHMzCHctbGYHSdWUWyR@outlook.com,0,12-01-2020,"create a hash combining firstname, lastname, email"
QPGZDcpuJpu,iGMyXATSpfp,QPGZDcpuJpuiGMyXATSpfp@outlook.com,1,12-23-2020,"create a hash combining firstname, lastname, email"
wYkUARdSbqM,CFKlbYmagOo,wYkUARdSbqMCFKlbYmagOo@outlook.com,0,12-26-2020,"create a hash combining firstname, lastname, email"
bpqvHReuCgL,WqRBnPhAuuH,bpqvHReuCgLWqRBnPhAuuH@yahoo.com,1,12-27-2020,"create a hash combining firstname, lastname, email"
cJwmjdrswWw,KtihTUxikWQ,cJwmjdrswWwKtihTUxikWQ@gmail.com,0,12-27-2020,"create a hash combining firstname, lastname, email"
tIEVOYcfTVS,jLppmuscUQo,tIEVOYcfTVSjLppmuscUQo@yahoo.com,0,12-05-2020,"create a hash combining firstname, lastname, email"
iETOnUShuVg,QYipHMVSqoH,iETOnUShuVgQYipHMVSqoH@outlook.com,0,12-13-2020,"create a hash combining firstname, lastname, email"
AYkIpwlEKdq,XFZszQxtmdx,AYkIpwlEKdqXFZszQxtmdx@outlook.com,1,12-27-2020,"create a hash combining firstname, lastname, email"
zvAwUtWjkFh,ofPzACZDyOt,zvAwUtWjkFhofPzACZDyOt@outlook.com,1,12-14-2020,"create a hash combining firstname, lastname, email"
AJfsUSZkYpG,YRWLmQNqmVG,AJfsUSZkYpGYRWLmQNqmVG@gmail.com,1,12-17-2020,"create a hash combining firstname, lastname, email"
bdbLEYbhqBK,ZeaJpYpZpOX,bdbLEYbhqBKZeaJpYpZpOX@yahoo.com,1,12-08-2020,"create a hash combining firstname, lastname, email"
nIoIRFBvUKk,kWMwgQRAkRu,nIoIRFBvUKkkWMwgQRAkRu@yahoo.com,1,12-06-2020,"create a hash combining firstname, lastname, email"
esVtfyfIMaI,kIvMWDdXRIo,esVtfyfIMaIkIvMWDdXRIo@yahoo.com,0,12-05-2020,"create a hash combining firstname, lastname, email"
PMpakmHVHLB,TxXwjUYIBit,PMpakmHVHLBTxXwjUYIBit@outlook.com,0,12-14-2020,"create a hash combining firstname, lastname, email"
eStxBzDsKMW,oFqvgpHqbGh,eStxBzDsKMWoFqvgpHqbGh@outlook.com,1,12-23-2020,"create a hash combining firstname, lastname, email"
PMZTMnNupjR,YQKXSBLopAo,PMZTMnNupjRYQKXSBLopAo@gmail.com,0,12-05-2020,"create a hash combining firstname, lastname, email"
wlvVfSQzRWM,FkfDVVJmJLG,wlvVfSQzRWMFkfDVVJmJLG@gmail.com,1,12-18-2020,"create a hash combining firstname, lastname, email"
kCQairmrxtV,ukiIMopBqOe,kCQairmrxtVukiIMopBqOe@outlook.com,0,12-20-2020,"create a hash combining firstname, lastname, email"
WKpOrnBIAOp,ubGOJYLtjOX,WKpOrnBIAOpubGOJYLtjOX@yahoo.com,0,12-11-2020,"create a hash combining firstname, lastname, email"
ukmhrgzgNvq,WAWtxsCbWGI,ukmhrgzgNvqWAWtxsCbWGI@outlook.com,1,12-06-2020,"create a hash combining firstname, lastname, email"
tcKpjPuPRAn,nKGYolGeigo,tcKpjPuPRAnnKGYolGeigo@gmail.com,0,12-22-2020,"create a hash combining firstname, lastname, email"
htoIksBOIyS,mBRaEaJOIHL,htoIksBOIySmBRaEaJOIHL@outlook.com,0,12-03-2020,"create a hash combining firstname, lastname, email"
iQrgKeaxoue,RsMUDzvsXjS,iQrgKeaxoueRsMUDzvsXjS@yahoo.com,1,12-04-2020,"create a hash combining firstname, lastname, email"
dDtTTjXfxSM,dkhXanZlhBh,dDtTTjXfxSMdkhXanZlhBh@gmail.com,1,12-13-2020,"create a hash combining firstname, lastname, email"
rscSPnQrlWD,ygjxqgxJGKn,rscSPnQrlWDygjxqgxJGKn@gmail.com,1,12-10-2020,"create a hash combining firstname, lastname, email"
EPnMbIOEhwl,nzWnaMfahvf,EPnMbIOEhwlnzWnaMfahvf@yahoo.com,1,12-12-2020,"create a hash combining firstname, lastname, email"
xQaJZmcgtbo,zYApzbLQVzu,xQaJZmcgtbozYApzbLQVzu@outlook.com,1,12-28-2020,"create a hash combining firstname, lastname, email"
ZHVJXLYyRUJ,LlAIlmRCqfI,ZHVJXLYyRUJLlAIlmRCqfI@gmail.com,1,12-15-2020,"create a hash combining firstname, lastname, email"
KkuyibHsVNv,jecXJGHUoyW,KkuyibHsVNvjecXJGHUoyW@outlook.com,0,12-22-2020,"create a hash combining firstname, lastname, email"
DZTaYCmxkcl,axcwTqJLpUD,DZTaYCmxkclaxcwTqJLpUD@outlook.com,1,12-27-2020,"create a hash combining firstname, lastname, email"
GMKUaVpXfRw,eJurSZZwdTc,GMKUaVpXfRweJurSZZwdTc@yahoo.com,0,12-12-2020,"create a hash combining firstname, lastname, email"
cxEvWVlQwtT,uzzgjPgACdM,cxEvWVlQwtTuzzgjPgACdM@gmail.com,0,12-06-2020,"create a hash combining firstname, lastname, email"
bKGJROxUkHD,DqxIXjHMhpL,bKGJROxUkHDDqxIXjHMhpL@yahoo.com,1,12-18-2020,"create a hash combining firstname, lastname, email"
oEtaYqmHoaD,acmCYfbjcFJ,oEtaYqmHoaDacmCYfbjcFJ@gmail.com,0,12-15-2020,"create a hash combining firstname, lastname, email"
MmSkXLpRtMj,RpvvfzPZrYq,MmSkXLpRtMjRpvvfzPZrYq@gmail.com,1,12-03-2020,"create a hash combining firstname, lastname, email"
hZhhYSxDBZB,LbCGgGrOBVS,hZhhYSxDBZBLbCGgGrOBVS@yahoo.com,0,12-16-2020,"create a hash combining firstname, lastname, email"
pemQbbZPlVF,FvKsaqoCTUR,pemQbbZPlVFFvKsaqoCTUR@gmail.com,1,12-20-2020,"create a hash combining firstname, lastname, email"
yJvfhHxMxpK,kHGclNpBkXX,yJvfhHxMxpKkHGclNpBkXX@gmail.com,0,12-03-2020,"create a hash combining firstname, lastname, email"
CyDdQrBPOZD,YpjahBhvxJL,CyDdQrBPOZDYpjahBhvxJL@outlook.com,0,12-04-2020,"create a hash combining firstname, lastname, email"
RwytNQwDKSW,FKREedyqAYW,RwytNQwDKSWFKREedyqAYW@gmail.com,0,12-05-2020,"create a hash combining firstname, lastname, email"
oJbdLosARcz,rLzGMzzhLfj,oJbdLosARczrLzGMzzhLfj@outlook.com,0,12-26-2020,"create a hash combining firstname, lastname, email"
EYHsnUJKMLd,aLtuGQDeSCb,EYHsnUJKMLdaLtuGQDeSCb@gmail.com,0,12-03-2020,"create a hash combining firstname, lastname, email"
QzNSrYcgIbD,QhsgdwcKSOU,QzNSrYcgIbDQhsgdwcKSOU@yahoo.com,0,12-21-2020,"create a hash combining firstname, lastname, email"
DgKCsyIoDey,tIrPbrgkWmn,DgKCsyIoDeytIrPbrgkWmn@yahoo.com,1,12-14-2020,"create a hash combining firstname, lastname, email"
OZKsvLzKigq,QsucThXNNvU,OZKsvLzKigqQsucThXNNvU@yahoo.com,1,12-31-2020,"create a hash combining firstname, lastname, email"
MkFWbjcxiSe,aMUyedWlQrF,MkFWbjcxiSeaMUyedWlQrF@yahoo.com,0,12-09-2020,"create a hash combining firstname, lastname, email"
GkaPZsbVqVc,CUBxIoLRGoU,GkaPZsbVqVcCUBxIoLRGoU@outlook.com,1,12-17-2020,"create a hash combining firstname, lastname, email"
PTwliWpkxlZ,weWoCcTBEMP,PTwliWpkxlZweWoCcTBEMP@gmail.com,0,12-22-2020,"create a hash combining firstname, lastname, email"
FXbniEkTspN,eiwYZAgYiiF,FXbniEkTspNeiwYZAgYiiF@gmail.com,1,12-15-2020,"create a hash combining firstname, lastname, email"
UweeSUXyTvY,nQHFZlOdriF,UweeSUXyTvYnQHFZlOdriF@yahoo.com,0,12-05-2020,"create a hash combining firstname, lastname, email"
IKRFaenhYkq,YLvgJcykHms,IKRFaenhYkqYLvgJcykHms@yahoo.com,0,12-07-2020,"create a hash combining firstname, lastname, email"
oKhYCaazUie,QDTprUfSYSw,oKhYCaazUieQDTprUfSYSw@yahoo.com,0,12-25-2020,"create a hash combining firstname, lastname, email"
mnZLjtKAVNK,ihTRIuThTlG,mnZLjtKAVNKihTRIuThTlG@outlook.com,0,12-21-2020,"create a hash combining firstname, lastname, email"
dHVXnofOuJH,XuNITYDhcER,dHVXnofOuJHXuNITYDhcER@yahoo.com,0,12-29-2020,"create a hash combining firstname, lastname, email"
tngvneewaLv,mEQsotYxWrf,tngvneewaLvmEQsotYxWrf@outlook.com,1,12-16-2020,"create a hash combining firstname, lastname, email"
bcPMXDRZeZV,VmKnOuZXWre,bcPMXDRZeZVVmKnOuZXWre@gmail.com,0,12-27-2020,"create a hash combining firstname, lastname, email"
WkkdQdfUkhB,GuljRloKnPO,WkkdQdfUkhBGuljRloKnPO@outlook.com,1,12-31-2020,"create a hash combining firstname, lastname, email"
yJDuyFyOXZs,fqXtOOxCVob,yJDuyFyOXZsfqXtOOxCVob@yahoo.com,0,12-22-2020,"create a hash combining firstname, lastname, email"
XluCPvKDVKe,ZLmrVhskNhX,XluCPvKDVKeZLmrVhskNhX@yahoo.com,0,12-19-2020,"create a hash combining firstname, lastname, email"
EqoNBSlrqGG,ViHQGPgIjnX,EqoNBSlrqGGViHQGPgIjnX@gmail.com,1,12-20-2020,"create a hash combining firstname, lastname, email"
MHLkpypeiVs,PSKGlZFkhuH,MHLkpypeiVsPSKGlZFkhuH@gmail.com,0,12-26-2020,"create a hash combining firstname, lastname, email"
GpMoBmxCcrU,VfOuCBbufuG,GpMoBmxCcrUVfOuCBbufuG@yahoo.com,1,12-23-2020,"create a hash combining firstname, lastname, email"
yzOcgVGSFUJ,OsTsTlUXafA,yzOcgVGSFUJOsTsTlUXafA@outlook.com,0,12-16-2020,"create a hash combining firstname, lastname, email"
lsIuwDHlCeV,FYGJmJpCtrE,lsIuwDHlCeVFYGJmJpCtrE@gmail.com,1,12-28-2020,"create a hash combining firstname, lastname, email"
nWasfrZiTBI,dySjZsuManD,nWasfrZiTBIdySjZsuManD@gmail.com,1,12-13-2020,"create a hash combining firstname, lastname, email"
AUsVmuhznRf,dYWzyEUDzBU,AUsVmuhznRfdYWzyEUDzBU@outlook.com,0,12-23-2020,"create a hash combining firstname, lastname, email"
wNemSSKZLoC,aIHvaWSvDWP,wNemSSKZLoCaIHvaWSvDWP@outlook.com,0,12-13-2020,"create a hash combining firstname, lastname, email"
XcGUdYRRQsP,wXvcwGHqrVS,XcGUdYRRQsPwXvcwGHqrVS@yahoo.com,0,12-17-2020,"create a hash combining firstname, lastname, email"
kKGyrLoyHeU,nASbkuCyHFI,kKGyrLoyHeUnASbkuCyHFI@outlook.com,1,12-10-2020,"create a hash combining firstname, lastname, email"
tJRZzeUGKeD,JsHXqotFwkJ,tJRZzeUGKeDJsHXqotFwkJ@outlook.com,0,12-11-2020,"create a hash combining firstname, lastname, email"
SSPiBscvjwZ,myGtKOZuSmC,SSPiBscvjwZmyGtKOZuSmC@yahoo.com,1,12-29-2020,"create a hash combining firstname, lastname, email"
ekteyewEgjt,gSIROleemnz,ekteyewEgjtgSIROleemnz@yahoo.com,1,12-01-2020,"create a hash combining firstname, lastname, email"
hZWVDrFDlwj,EbILXfjsZrH,hZWVDrFDlwjEbILXfjsZrH@outlook.com,1,12-19-2020,"create a hash combining firstname, lastname, email"
neRxIEsxVsN,UiOoSEhmdJN,neRxIEsxVsNUiOoSEhmdJN@outlook.com,1,12-21-2020,"create a hash combining firstname, lastname, email"
IZpnxVzrSaj,iLRhrUsQrBO,IZpnxVzrSajiLRhrUsQrBO@gmail.com,1,12-16-2020,"create a hash combining firstname, lastname, email"
geIMwnmBWnM,xKVnXMqSvzr,geIMwnmBWnMxKVnXMqSvzr@yahoo.com,0,12-18-2020,"create a hash combining firstname, lastname, email"
AVfUkyQdgqw,ibMUoxMSaOQ,AVfUkyQdgqwibMUoxMSaOQ@outlook.com,0,12-09-2020,"create a hash combining firstname, lastname, email"
StXmiEabfmd,ARnPptYnlQa,StXmiEabfmdARnPptYnlQa@yahoo.com,0,12-30-2020,"create a hash combining firstname, lastname, email"
swcQCqvgDqo,OjEFHdiQREn,swcQCqvgDqoOjEFHdiQREn@outlook.com,0,12-31-2020,"create a hash combining firstname, lastname, email"
jHOnUTcbxoa,JnxCWKwJqKL,jHOnUTcbxoaJnxCWKwJqKL@gmail.com,1,12-31-2020,"create a hash combining firstname, lastname, email"
rJWhArbjzlu,oRdrtKrUeKG,rJWhArbjzluoRdrtKrUeKG@yahoo.com,0,12-09-2020,"create a hash combining firstname, lastname, email"
OIrBRvlAFHF,WoDnYQsfpUh,OIrBRvlAFHFWoDnYQsfpUh@gmail.com,0,12-21-2020,"create a hash combining firstname, lastname, email"
VPFFAruVhEU,otkGjTwVDUd,VPFFAruVhEUotkGjTwVDUd@yahoo.com,1,12-04-2020,"create a hash combining firstname, lastname, email"
iinDHTzcDLZ,vuMLxHTOnfY,iinDHTzcDLZvuMLxHTOnfY@yahoo.com,1,12-12-2020,"create a hash combining firstname, lastname, email"
XPNZijJadYz,hPNJIZJQHAX,XPNZijJadYzhPNJIZJQHAX@outlook.com,1,12-30-2020,"create a hash combining firstname, lastname, email"
hLSBGCykgcj,nhJzwenYuET,hLSBGCykgcjnhJzwenYuET@yahoo.com,0,12-08-2020,"create a hash combining firstname, lastname, email"
ezuVqQSbteC,ynnhdgedpQL,ezuVqQSbteCynnhdgedpQL@yahoo.com,1,12-25-2020,"create a hash combining firstname, lastname, email"
CHwBVjhrBQq,jzCzniLzpDj,CHwBVjhrBQqjzCzniLzpDj@yahoo.com,1,12-31-2020,"create a hash combining firstname, lastname, email"
WwCLCUSZEkq,lIeHLwWWmvI,WwCLCUSZEkqlIeHLwWWmvI@outlook.com,1,12-22-2020,"create a hash combining firstname, lastname, email"
HuxuiTeCnFC,anYhyksgqjY,HuxuiTeCnFCanYhyksgqjY@outlook.com,1,12-30-2020,"create a hash combining firstname, lastname, email"
bLOJTHqCXCm,QSYhcNoJcbq,bLOJTHqCXCmQSYhcNoJcbq@outlook.com,1,12-27-2020,"create a hash combining firstname, lastname, email"
RLQvWBCsQAj,QawXNGWuieB,RLQvWBCsQAjQawXNGWuieB@yahoo.com,1,12-10-2020,"create a hash combining firstname, lastname, email"
vMqTSCfOVYi,tFIhwPvNHSq,vMqTSCfOVYitFIhwPvNHSq@gmail.com,0,12-08-2020,"create a hash combining firstname, lastname, email"
iYGgyDyMSXb,mpElkNyeQtw,iYGgyDyMSXbmpElkNyeQtw@gmail.com,1,12-04-2020,"create a hash combining firstname, lastname, email"
SZjEYvEDwwy,AjYMgdAkneh,SZjEYvEDwwyAjYMgdAkneh@gmail.com,0,12-25-2020,"create a hash combining firstname, lastname, email"
nJtCLuRqAhA,nDHImFXjpUN,nJtCLuRqAhAnDHImFXjpUN@yahoo.com,1,12-18-2020,"create a hash combining firstname, lastname, email"
vFbWZjbPLnk,oTsqfJFfoQp,vFbWZjbPLnkoTsqfJFfoQp@outlook.com,1,12-16-2020,"create a hash combining firstname, lastname, email"
xAxvwhwZiur,DPelRDxFZSO,xAxvwhwZiurDPelRDxFZSO@yahoo.com,1,12-09-2020,"create a hash combining firstname, lastname, email"
TmwPurbyYed,wjudBVVBpop,TmwPurbyYedwjudBVVBpop@gmail.com,1,12-14-2020,"create a hash combining firstname, lastname, email"
pHuyGwhxUSC,rSEFbbcflSz,pHuyGwhxUSCrSEFbbcflSz@outlook.com,0,12-02-2020,"create a hash combining firstname, lastname, email"
PQtzZjDswNF,KWswDODcsBG,PQtzZjDswNFKWswDODcsBG@yahoo.com,1,12-12-2020,"create a hash combining firstname, lastname, email"
RmaTbRQfstP,yXjkUzuJoQC,RmaTbRQfstPyXjkUzuJoQC@gmail.com,0,12-17-2020,"create a hash combining firstname, lastname, email"
IMppudtiDjw,YARdszzxbSD,IMppudtiDjwYARdszzxbSD@gmail.com,1,12-10-2020,"create a hash combining firstname, lastname, email"
ulUaZivvVLN,ovIQOYxdzMw,ulUaZivvVLNovIQOYxdzMw@outlook.com,1,12-31-2020,"create a hash combining firstname, lastname, email"
mdqbJcIPjuc,xHUWsdTowUg,mdqbJcIPjucxHUWsdTowUg@outlook.com,0,12-26-2020,"create a hash combining firstname, lastname, email"
SvxkCluDTDk,QqJVoOPfEbg,SvxkCluDTDkQqJVoOPfEbg@yahoo.com,1,12-23-2020,"create a hash combining firstname, lastname, email"
yZCpXzsWoai,lkNTFcQaxOd,yZCpXzsWoailkNTFcQaxOd@yahoo.com,0,12-09-2020,"create a hash combining firstname, lastname, email"
XalHMsyKQuJ,tDNtlJqWqDu,XalHMsyKQuJtDNtlJqWqDu@gmail.com,0,12-08-2020,"create a hash combining firstname, lastname, email"
aYfXKOlBVLi,bSHVRCXSKfC,aYfXKOlBVLibSHVRCXSKfC@yahoo.com,1,12-09-2020,"create a hash combining firstname, lastname, email"
IamYEtykhJj,bWlyhslNyzg,IamYEtykhJjbWlyhslNyzg@gmail.com,0,12-08-2020,"create a hash combining firstname, lastname, email"
spaBbwnqVHt,PanYkcuaAUW,spaBbwnqVHtPanYkcuaAUW@outlook.com,0,12-04-2020,"create a hash combining firstname, lastname, email"
RStffLYdpoy,eivBFHzRayq,RStffLYdpoyeivBFHzRayq@gmail.com,0,12-05-2020,"create a hash combining firstname, lastname, email"
iLDtDGSIkuu,bHdsLNXshgd,iLDtDGSIkuubHdsLNXshgd@yahoo.com,0,12-28-2020,"create a hash combining firstname, lastname, email"
KKVAtVMhWQR,tqgZwMTVYHM,KKVAtVMhWQRtqgZwMTVYHM@gmail.com,0,12-20-2020,"create a hash combining firstname, lastname, email"
yqVgGDVCHKW,gldnSrvcYfq,yqVgGDVCHKWgldnSrvcYfq@yahoo.com,0,12-13-2020,"create a hash combining firstname, lastname, email"
gzWkSzYUiPF,qdzlRPRVnmF,gzWkSzYUiPFqdzlRPRVnmF@gmail.com,1,12-23-2020,"create a hash combining firstname, lastname, email"
gSiErfZNGqS,EEFMLcxDTUe,gSiErfZNGqSEEFMLcxDTUe@gmail.com,0,12-30-2020,"create a hash combining firstname, lastname, email"
YvvoSgryTsT,AdSgLIirZPg,YvvoSgryTsTAdSgLIirZPg@gmail.com,0,12-17-2020,"create a hash combining firstname, lastname, email"
oXbEfunwDUu,fiYgpyaDPHo,oXbEfunwDUufiYgpyaDPHo@gmail.com,0,12-05-2020,"create a hash combining firstname, lastname, email"
VZEZIcRODaV,cznypOxoFsd,VZEZIcRODaVcznypOxoFsd@yahoo.com,1,12-13-2020,"create a hash combining firstname, lastname, email"
jcgcfhsdhjA,DkGmbZCbaPZ,jcgcfhsdhjADkGmbZCbaPZ@outlook.com,1,12-01-2020,"create a hash combining firstname, lastname, email"
iKvxhCaGCeQ,VdtwYvBOpgD,iKvxhCaGCeQVdtwYvBOpgD@gmail.com,1,12-21-2020,"create a hash combining firstname, lastname, email"
lRCJOHIBlxU,fIhyMHKKgMW,lRCJOHIBlxUfIhyMHKKgMW@gmail.com,0,12-03-2020,"create a hash combining firstname, lastname, email"
brYSbvvWLgS,AHpOoTvIByg,brYSbvvWLgSAHpOoTvIByg@outlook.com,0,12-10-2020,"create a hash combining firstname, lastname, email"
VsGUBDJVMDw,NrrqJziskuA,VsGUBDJVMDwNrrqJziskuA@yahoo.com,1,12-29-2020,"create a hash combining firstname, lastname, email"
QtyaztghiLo,UiltLcBwXEx,QtyaztghiLoUiltLcBwXEx@gmail.com,1,12-28-2020,"create a hash combining firstname, lastname, email"
BIiEtdRKQbW,fdXrEHivCKX,BIiEtdRKQbWfdXrEHivCKX@yahoo.com,0,12-06-2020,"create a hash combining firstname, lastname, email"
jbjnnAsObqo,SpYslpAOvsy,jbjnnAsObqoSpYslpAOvsy@gmail.com,1,12-16-2020,"create a hash combining firstname, lastname, email"
AoOQNHYzQAk,SJzNpjyAHII,AoOQNHYzQAkSJzNpjyAHII@yahoo.com,1,12-02-2020,"create a hash combining firstname, lastname, email"
nGtoHWXYJGc,pkxokArSWrU,nGtoHWXYJGcpkxokArSWrU@outlook.com,1,12-08-2020,"create a hash combining firstname, lastname, email"
rOqgVIijIiW,cAKgDdTlSvF,rOqgVIijIiWcAKgDdTlSvF@gmail.com,0,12-16-2020,"create a hash combining firstname, lastname, email"
OrsPfuPbINu,dQCvKFAiuJV,OrsPfuPbINudQCvKFAiuJV@yahoo.com,0,12-03-2020,"create a hash combining firstname, lastname, email"
ueOPbgSMNAt,yGylnJXoWwP,ueOPbgSMNAtyGylnJXoWwP@yahoo.com,1,12-25-2020,"create a hash combining firstname, lastname, email"
etBLtqIQCdK,czHTZztNuaX,etBLtqIQCdKczHTZztNuaX@gmail.com,0,12-14-2020,"create a hash combining firstname, lastname, email"
HUcZYanPhjN,yEgHPefbhqR,HUcZYanPhjNyEgHPefbhqR@yahoo.com,1,12-09-2020,"create a hash combining firstname, lastname, email"
zRvkGPCAfmk,PDjfXDawgMs,zRvkGPCAfmkPDjfXDawgMs@gmail.com,1,12-30-2020,"create a hash combining firstname, lastname, email"
IGTBnsQxLON,flfukKgCLEd,IGTBnsQxLONflfukKgCLEd@outlook.com,0,12-14-2020,"create a hash combining firstname, lastname, email"
QcnUhoOSGGh,kDwtULVWjpN,QcnUhoOSGGhkDwtULVWjpN@gmail.com,1,12-24-2020,"create a hash combining firstname, lastname, email"
xrgeBfLZyuN,EMmJzhHRIct,xrgeBfLZyuNEMmJzhHRIct@gmail.com,1,12-20-2020,"create a hash combining firstname, lastname, email"
kJpDbZJRcQO,CArDFCrlVXL,kJpDbZJRcQOCArDFCrlVXL@outlook.com,0,12-23-2020,"create a hash combining firstname, lastname, email"
RiLbCfEVlmP,jEYDTnNFIqM,RiLbCfEVlmPjEYDTnNFIqM@outlook.com,0,12-19-2020,"create a hash combining firstname, lastname, email"
ldhFEdHTNJY,UkQdIzkVDye,ldhFEdHTNJYUkQdIzkVDye@yahoo.com,1,12-31-2020,"create a hash combining firstname, lastname, email"
nMhPjzsUdZQ,vEGZwMfHRzp,nMhPjzsUdZQvEGZwMfHRzp@outlook.com,0,12-25-2020,"create a hash combining firstname, lastname, email"
vZNqbQNXroM,ZSpTonHylOA,vZNqbQNXroMZSpTonHylOA@gmail.com,1,12-20-2020,"create a hash combining firstname, lastname, email"
EzsEaNobWtR,aQmPakxjHLk,EzsEaNobWtRaQmPakxjHLk@yahoo.com,1,12-23-2020,"create a hash combining firstname, lastname, email"
TkfxViYoxdO,bMJXqBsjwNN,TkfxViYoxdObMJXqBsjwNN@outlook.com,1,12-12-2020,"create a hash combining firstname, lastname, email"
vJRUcbUoJdG,BtKCPanbyOG,vJRUcbUoJdGBtKCPanbyOG@yahoo.com,1,12-27-2020,"create a hash combining firstname, lastname, email"
jdjVefOTLQY,CxIlVWxLrvi,jdjVefOTLQYCxIlVWxLrvi@yahoo.com,1,12-12-2020,"create a hash combining firstname, lastname, email"
FefnDPpScUl,CXpccvyIqVw,FefnDPpScUlCXpccvyIqVw@gmail.com,0,12-26-2020,"create a hash combining firstname, lastname, email"
WeejuexvIod,SwGBnOeKxqy,WeejuexvIodSwGBnOeKxqy@yahoo.com,1,12-29-2020,"create a hash combining firstname, lastname, email"
PiADhecveap,aUgmUODIhTw,PiADhecveapaUgmUODIhTw@gmail.com,1,12-06-2020,"create a hash combining firstname, lastname, email"
ADIZkuQCzby,DcgCkabEUQb,ADIZkuQCzbyDcgCkabEUQb@yahoo.com,0,12-14-2020,"create a hash combining firstname, lastname, email"
kKApbgcPguu,UALiAvUtEDh,kKApbgcPguuUALiAvUtEDh@gmail.com,1,12-18-2020,"create a hash combining firstname, lastname, email"
LjUSdsIWoLV,FmBbjsaTdDx,LjUSdsIWoLVFmBbjsaTdDx@yahoo.com,0,12-28-2020,"create a hash combining firstname, lastname, email"
ncZKmFsYZnN,zImcPfpmcRN,ncZKmFsYZnNzImcPfpmcRN@outlook.com,1,12-23-2020,"create a hash combining firstname, lastname, email"
DNoObxBjAVX,vdpWEPFhItF,DNoObxBjAVXvdpWEPFhItF@outlook.com,0,12-05-2020,"create a hash combining firstname, lastname, email"
PQWsPohArEH,WeohKBhgKOM,PQWsPohArEHWeohKBhgKOM@gmail.com,1,12-06-2020,"create a hash combining firstname, lastname, email"
ugbFxPGDrhg,VQcgVyznoQE,ugbFxPGDrhgVQcgVyznoQE@yahoo.com,0,12-14-2020,"create a hash combining firstname, lastname, email"
xcNNSbBywyC,BjXFZFXDGJf,xcNNSbBywyCBjXFZFXDGJf@yahoo.com,0,12-02-2020,"create a hash combining firstname, lastname, email"
AQhPFkOYkwI,tyVjWAWIYdn,AQhPFkOYkwItyVjWAWIYdn@yahoo.com,1,12-31-2020,"create a hash combining firstname, lastname, email"
usDjtWjbtWp,WqNCOcDrCmM,usDjtWjbtWpWqNCOcDrCmM@yahoo.com,0,12-10-2020,"create a hash combining firstname, lastname, email"
JvjQkVTBKUt,XykkzbLjUZW,JvjQkVTBKUtXykkzbLjUZW@gmail.com,0,12-26-2020,"create a hash combining firstname, lastname, email"
JDiZZTdqRwX,lWxwcbrbfxZ,JDiZZTdqRwXlWxwcbrbfxZ@gmail.com,1,12-16-2020,"create a hash combining firstname, lastname, email"
yBzCkGBIkxh,qJeZjpzQfmp,yBzCkGBIkxhqJeZjpzQfmp@gmail.com,0,12-30-2020,"create a hash combining firstname, lastname, email"
ifgQfWlkgIS,OJybqmLNool,ifgQfWlkgISOJybqmLNool@yahoo.com,0,12-27-2020,"create a hash combining firstname, lastname, email"
HhtOHFtXyIp,HHzMldZBnsY,HhtOHFtXyIpHHzMldZBnsY@outlook.com,1,12-28-2020,"create a hash combining firstname, lastname, email"
hXksSKUrKLS,MwVlWWsEjEC,hXksSKUrKLSMwVlWWsEjEC@outlook.com,0,12-16-2020,"create a hash combining firstname, lastname, email"
OpWefVXQQXG,pTTaSXIdRqq,OpWefVXQQXGpTTaSXIdRqq@outlook.com,1,12-26-2020,"create a hash combining firstname, lastname, email"
orSTVQZfSKV,hoQEImPMrCT,orSTVQZfSKVhoQEImPMrCT@gmail.com,0,12-22-2020,"create a hash combining firstname, lastname, email"
ZuACGiQSUSm,AWdJAyadjtP,ZuACGiQSUSmAWdJAyadjtP@gmail.com,1,12-29-2020,"create a hash combining firstname, lastname, email"
qJLqARUdjlY,wEAZlOFsrxD,qJLqARUdjlYwEAZlOFsrxD@yahoo.com,1,12-06-2020,"create a hash combining firstname, lastname, email"
ESoaJBkEMii,pFFBcJvmiwg,ESoaJBkEMiipFFBcJvmiwg@outlook.com,1,12-18-2020,"create a hash combining firstname, lastname, email"
PEOrcIPARaL,CuXXUvtSOgE,PEOrcIPARaLCuXXUvtSOgE@yahoo.com,0,12-23-2020,"create a hash combining firstname, lastname, email"
DVJGTihqsrd,oyquOvFpGTN,DVJGTihqsrdoyquOvFpGTN@gmail.com,1,12-11-2020,"create a hash combining firstname, lastname, email"
zNzneMbgnzL,hYusqlyjCua,zNzneMbgnzLhYusqlyjCua@gmail.com,0,12-21-2020,"create a hash combining firstname, lastname, email"
UUMbelirtVE,OFtxYhvJTzZ,UUMbelirtVEOFtxYhvJTzZ@yahoo.com,0,12-17-2020,"create a hash combining firstname, lastname, email"
uolHTwDoUym,mHmFWFxQLeE,uolHTwDoUymmHmFWFxQLeE@gmail.com,1,12-22-2020,"create a hash combining firstname, lastname, email"
ymEkpCehEbF,XpuEUEcSgGO,ymEkpCehEbFXpuEUEcSgGO@outlook.com,1,12-13-2020,"create a hash combining firstname, lastname, email"
ZlyCagDOKZj,CbRcpKNsXHi,ZlyCagDOKZjCbRcpKNsXHi@yahoo.com,0,12-25-2020,"create a hash combining firstname, lastname, email"
mNdnoOddIHB,BxjuhQYUsWI,mNdnoOddIHBBxjuhQYUsWI@yahoo.com,1,12-17-2020,"create a hash combining firstname, lastname, email"
pfzXFroyvgo,VGtolUFtHCH,pfzXFroyvgoVGtolUFtHCH@outlook.com,1,12-31-2020,"create a hash combining firstname, lastname, email"
tRIymvUgSwV,halyFKcpJeU,tRIymvUgSwVhalyFKcpJeU@yahoo.com,1,12-04-2020,"create a hash combining firstname, lastname, email"
BtanOzOAngx,UhUNWuOYbzn,BtanOzOAngxUhUNWuOYbzn@gmail.com,0,12-07-2020,"create a hash combining firstname, lastname, email"
mSfYYhBgeSP,ZguSYVsxEiu,mSfYYhBgeSPZguSYVsxEiu@yahoo.com,1,12-06-2020,"create a hash combining firstname, lastname, email"
PTkRhsVwLfs,eHOijapAIDr,PTkRhsVwLfseHOijapAIDr@yahoo.com,1,12-11-2020,"create a hash combining firstname, lastname, email"
LHqMUVitfWv,wFsVHgSNBUD,LHqMUVitfWvwFsVHgSNBUD@outlook.com,1,12-20-2020,"create a hash combining firstname, lastname, email"
OHljXqxGJGQ,BNiwNGRvqJP,OHljXqxGJGQBNiwNGRvqJP@yahoo.com,1,12-26-2020,"create a hash combining firstname, lastname, email"
SpLAUiZdnCa,mVpqAkwqYGd,SpLAUiZdnCamVpqAkwqYGd@gmail.com,0,12-17-2020,"create a hash combining firstname, lastname, email"
qwCTCMDMQNe,LaDNFqTzRhj,qwCTCMDMQNeLaDNFqTzRhj@gmail.com,0,12-24-2020,"create a hash combining firstname, lastname, email"
yvTpqJpxqLC,oggswOQFvZP,yvTpqJpxqLCoggswOQFvZP@yahoo.com,1,12-10-2020,"create a hash combining firstname, lastname, email"
qfNSCxPOSue,WzmpuMBssJn,qfNSCxPOSueWzmpuMBssJn@yahoo.com,1,12-19-2020,"create a hash combining firstname, lastname, email"
BqeEVHoBVME,oObHWUQqyPs,BqeEVHoBVMEoObHWUQqyPs@yahoo.com,1,12-30-2020,"create a hash combining firstname, lastname, email"
sMQWAEHgMtR,TPjLPcNROeS,sMQWAEHgMtRTPjLPcNROeS@yahoo.com,0,12-31-2020,"create a hash combining firstname, lastname, email"
RHEOBtTOwaR,DbWVsFxUEcO,RHEOBtTOwaRDbWVsFxUEcO@gmail.com,0,12-19-2020,"create a hash combining firstname, lastname, email"
cyhmohNzCrV,rYfULxWLtcf,cyhmohNzCrVrYfULxWLtcf@yahoo.com,0,12-30-2020,"create a hash combining firstname, lastname, email"
CWJnmBzLGYw,aOMwYTYFhdt,CWJnmBzLGYwaOMwYTYFhdt@outlook.com,1,12-12-2020,"create a hash combining firstname, lastname, email"
zZllyUNErjf,qlbcGOTYirw,zZllyUNErjfqlbcGOTYirw@yahoo.com,1,12-02-2020,"create a hash combining firstname, lastname, email"
EEJhqqGHcbG,rsMJcFdazyE,EEJhqqGHcbGrsMJcFdazyE@outlook.com,0,12-09-2020,"create a hash combining firstname, lastname, email"
wHyyuUZfCqx,fzFqvbYyusW,wHyyuUZfCqxfzFqvbYyusW@yahoo.com,1,12-29-2020,"create a hash combining firstname, lastname, email"
htEKMKfPONS,GGqcZjFHRMW,htEKMKfPONSGGqcZjFHRMW@gmail.com,0,12-11-2020,"create a hash combining firstname, lastname, email"
vArwJBqwRKV,JUMuTEneqdD,vArwJBqwRKVJUMuTEneqdD@gmail.com,1,12-27-2020,"create a hash combining firstname, lastname, email"
wCUgOydtuvr,RYRXUNysqwH,wCUgOydtuvrRYRXUNysqwH@yahoo.com,0,12-11-2020,"create a hash combining firstname, lastname, email"
SsQGgXvUiNt,zkrZbiRwtRL,SsQGgXvUiNtzkrZbiRwtRL@outlook.com,1,12-11-2020,"create a hash combining firstname, lastname, email"
mCAdaaEtcJV,ReOqPsAtjrn,mCAdaaEtcJVReOqPsAtjrn@gmail.com,1,12-27-2020,"create a hash combining firstname, lastname, email"
YLWnfINLZos,CtSIpeaxlNT,YLWnfINLZosCtSIpeaxlNT@gmail.com,0,12-04-2020,"create a hash combining firstname, lastname, email"
sTdsioujZCL,rtSSIpDzXMX,sTdsioujZCLrtSSIpDzXMX@gmail.com,1,12-27-2020,"create a hash combining firstname, lastname, email"
TjCDZEEylpO,QtKjayJAtSf,TjCDZEEylpOQtKjayJAtSf@outlook.com,0,12-08-2020,"create a hash combining firstname, lastname, email"
XuacRyEQmkd,NXGogJguVFP,XuacRyEQmkdNXGogJguVFP@outlook.com,1,12-27-2020,"create a hash combining firstname, lastname, email"
anxFuCjwkGs,bGXUdiUrnME,anxFuCjwkGsbGXUdiUrnME@gmail.com,1,12-11-2020,"create a hash combining firstname, lastname, email"
fcCaITgYJAd,ndsQSyavXQj,fcCaITgYJAdndsQSyavXQj@outlook.com,1,12-31-2020,"create a hash combining firstname, lastname, email"
BovfwanapbI,UPsYLwrvpyZ,BovfwanapbIUPsYLwrvpyZ@yahoo.com,0,12-25-2020,"create a hash combining firstname, lastname, email"
BxhgrnaOoEI,wjFMSzrcCzK,BxhgrnaOoEIwjFMSzrcCzK@yahoo.com,0,12-09-2020,"create a hash combining firstname, lastname, email"
INABsvZKyRb,jJKrHardwyO,INABsvZKyRbjJKrHardwyO@yahoo.com,0,12-30-2020,"create a hash combining firstname, lastname, email"
qtZHVKaHdHE,pzDCvXyJXmu,qtZHVKaHdHEpzDCvXyJXmu@outlook.com,1,12-17-2020,"create a hash combining firstname, lastname, email"
eUTzAcPjGCG,HNxIwiOSpFJ,eUTzAcPjGCGHNxIwiOSpFJ@outlook.com,0,12-25-2020,"create a hash combining firstname, lastname, email"
VQqusaMSVex,ZTBJiHFoVuQ,VQqusaMSVexZTBJiHFoVuQ@yahoo.com,0,12-27-2020,"create a hash combining firstname, lastname, email"
NseiEHPeluP,BItLQDdmOyZ,NseiEHPeluPBItLQDdmOyZ@outlook.com,1,12-19-2020,"create a hash combining firstname, lastname, email"
EydvjCGhxWS,drdbXXijenX,EydvjCGhxWSdrdbXXijenX@gmail.com,1,12-16-2020,"create a hash combining firstname, lastname, email"
nJWElembbBT,uuXDpTdCEkY,nJWElembbBTuuXDpTdCEkY@gmail.com,0,12-20-2020,"create a hash combining firstname, lastname, email"
jakrCaTYWKu,xshRqMSQBDH,jakrCaTYWKuxshRqMSQBDH@outlook.com,1,12-18-2020,"create a hash combining firstname, lastname, email"
cTfTPRMmlsG,DgLpKlwxjqF,cTfTPRMmlsGDgLpKlwxjqF@outlook.com,0,12-18-2020,"create a hash combining firstname, lastname, email"
